dataset,model,effect,estimate,ci_low,ci_high,n,B,seed
hotpotqa,qwen3.5:27b,controller_rag,-6.5,-10.5,-3.0,200,10000,20261001
hotpotqa,qwen3.5:27b,controller_recall,-2.0,-5.5,1.5,200,10000,20261001
hotpotqa,qwen3.5:27b,retrieval_llm,37.5,30.5,45.0,200,10000,20261001
hotpotqa,qwen3.5:27b,interaction,-4.5,-9.5,0.5,200,10000,20261001
hotpotqa,qwen3.5:9b,controller_rag,-3.5,-7.5,0.5,200,10000,20261001
hotpotqa,qwen3.5:9b,controller_recall,0.0,-3.5,3.5,200,10000,20261001
hotpotqa,qwen3.5:9b,retrieval_llm,43.0,35.5,50.5,200,10000,20261001
hotpotqa,qwen3.5:9b,interaction,-3.5,-9.0,2.0,200,10000,20261001
hotpotqa,qwen3.5:4b,controller_rag,-8.0,-12.5,-3.5,200,10000,20261001
hotpotqa,qwen3.5:4b,controller_recall,0.5,-3.0,4.0,200,10000,20261001
hotpotqa,qwen3.5:4b,retrieval_llm,43.5,36.5,50.5,200,10000,20261001
hotpotqa,qwen3.5:4b,interaction,-8.5,-14.5,-2.5,200,10000,20261001
hotpotqa,qwen3.5:2b,controller_rag,7.5,3.0,12.5,200,10000,20261001
hotpotqa,qwen3.5:2b,controller_recall,0.0,-3.0,3.0,200,10000,20261001
hotpotqa,qwen3.5:2b,retrieval_llm,23.5,16.5,30.5,200,10000,20261001
hotpotqa,qwen3.5:2b,interaction,7.5,2.0,13.0,200,10000,20261001
hotpotqa,qwen3.5:0.8b,controller_rag,7.5,2.0,13.0,200,10000,20261001
hotpotqa,qwen3.5:0.8b,controller_recall,5.5,1.5,9.5,200,10000,20261001
hotpotqa,qwen3.5:0.8b,retrieval_llm,19.0,13.0,25.0,200,10000,20261001
hotpotqa,qwen3.5:0.8b,interaction,2.0,-5.0,9.0,200,10000,20261001
2wiki,qwen3.5:27b,controller_rag,-12.5,-18.0,-7.0,200,10000,20261001
2wiki,qwen3.5:27b,controller_recall,1.5,-2.0,5.0,200,10000,20261001
2wiki,qwen3.5:27b,retrieval_llm,36.5,30.0,43.5,200,10000,20261001
2wiki,qwen3.5:27b,interaction,-14.0,-20.5,-7.5,200,10000,20261001
2wiki,qwen3.5:9b,controller_rag,-14.5,-20.5,-9.0,200,10000,20261001
2wiki,qwen3.5:9b,controller_recall,0.0,-3.5,3.5,200,10000,20261001
2wiki,qwen3.5:9b,retrieval_llm,35.0,27.5,42.5,200,10000,20261001
2wiki,qwen3.5:9b,interaction,-14.5,-21.0,-7.5,200,10000,20261001
2wiki,qwen3.5:4b,controller_rag,-15.5,-21.5,-9.5,200,10000,20261001
2wiki,qwen3.5:4b,controller_recall,2.5,-2.5,7.5,200,10000,20261001
2wiki,qwen3.5:4b,retrieval_llm,35.5,28.0,43.5,200,10000,20261001
2wiki,qwen3.5:4b,interaction,-18.0,-26.0,-9.5,200,10000,20261001
2wiki,qwen3.5:2b,controller_rag,1.5,-3.5,6.5,200,10000,20261001
2wiki,qwen3.5:2b,controller_recall,-2.0,-6.5,2.5,200,10000,20261001
2wiki,qwen3.5:2b,retrieval_llm,10.5,4.0,17.0,200,10000,20261001
2wiki,qwen3.5:2b,interaction,3.5,-3.0,10.0,200,10000,20261001
2wiki,qwen3.5:0.8b,controller_rag,9.0,4.5,14.0,200,10000,20261001
2wiki,qwen3.5:0.8b,controller_recall,8.0,3.5,12.5,200,10000,20261001
2wiki,qwen3.5:0.8b,retrieval_llm,3.5,-1.0,8.0,200,10000,20261001
2wiki,qwen3.5:0.8b,interaction,1.0,-5.5,7.5,200,10000,20261001
musique,qwen3.5:27b,controller_rag,-5.5,-11.0,0.0,200,10000,20261001
musique,qwen3.5:27b,controller_recall,0.0,-2.5,2.5,200,10000,20261001
musique,qwen3.5:27b,retrieval_llm,27.0,20.0,34.0,200,10000,20261001
musique,qwen3.5:27b,interaction,-5.5,-11.5,0.5,200,10000,20261001
musique,qwen3.5:9b,controller_rag,-6.5,-11.5,-1.5,200,10000,20261001
musique,qwen3.5:9b,controller_recall,0.0,-2.0,2.0,200,10000,20261001
musique,qwen3.5:9b,retrieval_llm,28.0,21.5,34.5,200,10000,20261001
musique,qwen3.5:9b,interaction,-6.5,-12.0,-1.5,200,10000,20261001
musique,qwen3.5:4b,controller_rag,-11.5,-16.5,-6.5,200,10000,20261001
musique,qwen3.5:4b,controller_recall,-1.0,-2.5,0.0,200,10000,20261001
musique,qwen3.5:4b,retrieval_llm,30.0,23.5,37.0,200,10000,20261001
musique,qwen3.5:4b,interaction,-10.5,-15.5,-5.5,200,10000,20261001
musique,qwen3.5:2b,controller_rag,4.0,0.0,8.0,200,10000,20261001
musique,qwen3.5:2b,controller_recall,0.0,-1.5,1.5,200,10000,20261001
musique,qwen3.5:2b,retrieval_llm,8.5,4.5,13.0,200,10000,20261001
musique,qwen3.5:2b,interaction,4.0,0.0,8.5,200,10000,20261001
musique,qwen3.5:0.8b,controller_rag,6.5,3.5,10.0,200,10000,20261001
musique,qwen3.5:0.8b,controller_recall,0.5,0.0,1.5,200,10000,20261001
musique,qwen3.5:0.8b,retrieval_llm,3.5,1.0,6.0,200,10000,20261001
musique,qwen3.5:0.8b,interaction,6.0,2.5,9.5,200,10000,20261001
