dataset,model,condition,category,count,share
hotpotqa,qwen3.5:27b,rag_llm,invalid_tool,0,0.000
hotpotqa,qwen3.5:27b,rag_llm,timeout,0,0.000
hotpotqa,qwen3.5:27b,rag_llm,error,0,0.000
hotpotqa,qwen3.5:27b,rag_llm,retrieval_miss,1,0.015
hotpotqa,qwen3.5:27b,rag_llm,evidence_covered,50,0.769
hotpotqa,qwen3.5:27b,rag_llm,premature_stop,14,0.215
hotpotqa,qwen3.5:27b,rag_llm,other,0,0.000
hotpotqa,qwen3.5:27b,rag_laya,invalid_tool,0,0.000
hotpotqa,qwen3.5:27b,rag_laya,timeout,0,0.000
hotpotqa,qwen3.5:27b,rag_laya,error,0,0.000
hotpotqa,qwen3.5:27b,rag_laya,retrieval_miss,0,0.000
hotpotqa,qwen3.5:27b,rag_laya,evidence_covered,50,0.641
hotpotqa,qwen3.5:27b,rag_laya,premature_stop,28,0.359
hotpotqa,qwen3.5:27b,rag_laya,other,0,0.000
hotpotqa,qwen3.5:9b,rag_llm,invalid_tool,1,0.014
hotpotqa,qwen3.5:9b,rag_llm,timeout,0,0.000
hotpotqa,qwen3.5:9b,rag_llm,error,0,0.000
hotpotqa,qwen3.5:9b,rag_llm,retrieval_miss,4,0.056
hotpotqa,qwen3.5:9b,rag_llm,evidence_covered,45,0.625
hotpotqa,qwen3.5:9b,rag_llm,premature_stop,22,0.306
hotpotqa,qwen3.5:9b,rag_llm,other,0,0.000
hotpotqa,qwen3.5:9b,rag_laya,invalid_tool,0,0.000
hotpotqa,qwen3.5:9b,rag_laya,timeout,0,0.000
hotpotqa,qwen3.5:9b,rag_laya,error,0,0.000
hotpotqa,qwen3.5:9b,rag_laya,retrieval_miss,2,0.025
hotpotqa,qwen3.5:9b,rag_laya,evidence_covered,48,0.608
hotpotqa,qwen3.5:9b,rag_laya,premature_stop,29,0.367
hotpotqa,qwen3.5:9b,rag_laya,other,0,0.000
hotpotqa,qwen3.5:4b,rag_llm,invalid_tool,0,0.000
hotpotqa,qwen3.5:4b,rag_llm,timeout,0,0.000
hotpotqa,qwen3.5:4b,rag_llm,error,0,0.000
hotpotqa,qwen3.5:4b,rag_llm,retrieval_miss,8,0.113
hotpotqa,qwen3.5:4b,rag_llm,evidence_covered,58,0.817
hotpotqa,qwen3.5:4b,rag_llm,premature_stop,5,0.070
hotpotqa,qwen3.5:4b,rag_llm,other,0,0.000
hotpotqa,qwen3.5:4b,rag_laya,invalid_tool,0,0.000
hotpotqa,qwen3.5:4b,rag_laya,timeout,0,0.000
hotpotqa,qwen3.5:4b,rag_laya,error,0,0.000
hotpotqa,qwen3.5:4b,rag_laya,retrieval_miss,2,0.023
hotpotqa,qwen3.5:4b,rag_laya,evidence_covered,50,0.575
hotpotqa,qwen3.5:4b,rag_laya,premature_stop,35,0.402
hotpotqa,qwen3.5:4b,rag_laya,other,0,0.000
hotpotqa,qwen3.5:2b,rag_llm,invalid_tool,1,0.008
hotpotqa,qwen3.5:2b,rag_llm,timeout,0,0.000
hotpotqa,qwen3.5:2b,rag_llm,error,0,0.000
hotpotqa,qwen3.5:2b,rag_llm,retrieval_miss,62,0.517
hotpotqa,qwen3.5:2b,rag_llm,evidence_covered,57,0.475
hotpotqa,qwen3.5:2b,rag_llm,premature_stop,0,0.000
hotpotqa,qwen3.5:2b,rag_llm,other,0,0.000
hotpotqa,qwen3.5:2b,rag_laya,invalid_tool,0,0.000
hotpotqa,qwen3.5:2b,rag_laya,timeout,0,0.000
hotpotqa,qwen3.5:2b,rag_laya,error,0,0.000
hotpotqa,qwen3.5:2b,rag_laya,retrieval_miss,15,0.143
hotpotqa,qwen3.5:2b,rag_laya,evidence_covered,61,0.581
hotpotqa,qwen3.5:2b,rag_laya,premature_stop,29,0.276
hotpotqa,qwen3.5:2b,rag_laya,other,0,0.000
hotpotqa,qwen3.5:0.8b,rag_llm,invalid_tool,58,0.377
hotpotqa,qwen3.5:0.8b,rag_llm,timeout,0,0.000
hotpotqa,qwen3.5:0.8b,rag_llm,error,0,0.000
hotpotqa,qwen3.5:0.8b,rag_llm,retrieval_miss,62,0.403
hotpotqa,qwen3.5:0.8b,rag_llm,evidence_covered,34,0.221
hotpotqa,qwen3.5:0.8b,rag_llm,premature_stop,0,0.000
hotpotqa,qwen3.5:0.8b,rag_llm,other,0,0.000
hotpotqa,qwen3.5:0.8b,rag_laya,invalid_tool,0,0.000
hotpotqa,qwen3.5:0.8b,rag_laya,timeout,0,0.000
hotpotqa,qwen3.5:0.8b,rag_laya,error,0,0.000
hotpotqa,qwen3.5:0.8b,rag_laya,retrieval_miss,36,0.259
hotpotqa,qwen3.5:0.8b,rag_laya,evidence_covered,72,0.518
hotpotqa,qwen3.5:0.8b,rag_laya,premature_stop,31,0.223
hotpotqa,qwen3.5:0.8b,rag_laya,other,0,0.000
2wiki,qwen3.5:27b,rag_llm,invalid_tool,0,0.000
2wiki,qwen3.5:27b,rag_llm,timeout,0,0.000
2wiki,qwen3.5:27b,rag_llm,error,0,0.000
2wiki,qwen3.5:27b,rag_llm,retrieval_miss,9,0.143
2wiki,qwen3.5:27b,rag_llm,evidence_covered,51,0.810
2wiki,qwen3.5:27b,rag_llm,premature_stop,3,0.048
2wiki,qwen3.5:27b,rag_llm,other,0,0.000
2wiki,qwen3.5:27b,rag_laya,invalid_tool,0,0.000
2wiki,qwen3.5:27b,rag_laya,timeout,0,0.000
2wiki,qwen3.5:27b,rag_laya,error,0,0.000
2wiki,qwen3.5:27b,rag_laya,retrieval_miss,0,0.000
2wiki,qwen3.5:27b,rag_laya,evidence_covered,20,0.227
2wiki,qwen3.5:27b,rag_laya,premature_stop,68,0.773
2wiki,qwen3.5:27b,rag_laya,other,0,0.000
2wiki,qwen3.5:9b,rag_llm,invalid_tool,1,0.013
2wiki,qwen3.5:9b,rag_llm,timeout,0,0.000
2wiki,qwen3.5:9b,rag_llm,error,1,0.013
2wiki,qwen3.5:9b,rag_llm,retrieval_miss,11,0.141
2wiki,qwen3.5:9b,rag_llm,evidence_covered,51,0.654
2wiki,qwen3.5:9b,rag_llm,premature_stop,14,0.179
2wiki,qwen3.5:9b,rag_llm,other,0,0.000
2wiki,qwen3.5:9b,rag_laya,invalid_tool,0,0.000
2wiki,qwen3.5:9b,rag_laya,timeout,0,0.000
2wiki,qwen3.5:9b,rag_laya,error,0,0.000
2wiki,qwen3.5:9b,rag_laya,retrieval_miss,0,0.000
2wiki,qwen3.5:9b,rag_laya,evidence_covered,30,0.280
2wiki,qwen3.5:9b,rag_laya,premature_stop,77,0.720
2wiki,qwen3.5:9b,rag_laya,other,0,0.000
2wiki,qwen3.5:4b,rag_llm,invalid_tool,0,0.000
2wiki,qwen3.5:4b,rag_llm,timeout,0,0.000
2wiki,qwen3.5:4b,rag_llm,error,0,0.000
2wiki,qwen3.5:4b,rag_llm,retrieval_miss,14,0.175
2wiki,qwen3.5:4b,rag_llm,evidence_covered,65,0.812
2wiki,qwen3.5:4b,rag_llm,premature_stop,1,0.013
2wiki,qwen3.5:4b,rag_llm,other,0,0.000
2wiki,qwen3.5:4b,rag_laya,invalid_tool,0,0.000
2wiki,qwen3.5:4b,rag_laya,timeout,0,0.000
2wiki,qwen3.5:4b,rag_laya,error,0,0.000
2wiki,qwen3.5:4b,rag_laya,retrieval_miss,0,0.000
2wiki,qwen3.5:4b,rag_laya,evidence_covered,28,0.252
2wiki,qwen3.5:4b,rag_laya,premature_stop,83,0.748
2wiki,qwen3.5:4b,rag_laya,other,0,0.000
2wiki,qwen3.5:2b,rag_llm,invalid_tool,0,0.000
2wiki,qwen3.5:2b,rag_llm,timeout,0,0.000
2wiki,qwen3.5:2b,rag_llm,error,0,0.000
2wiki,qwen3.5:2b,rag_llm,retrieval_miss,76,0.585
2wiki,qwen3.5:2b,rag_llm,evidence_covered,54,0.415
2wiki,qwen3.5:2b,rag_llm,premature_stop,0,0.000
2wiki,qwen3.5:2b,rag_llm,other,0,0.000
2wiki,qwen3.5:2b,rag_laya,invalid_tool,0,0.000
2wiki,qwen3.5:2b,rag_laya,timeout,0,0.000
2wiki,qwen3.5:2b,rag_laya,error,0,0.000
2wiki,qwen3.5:2b,rag_laya,retrieval_miss,2,0.016
2wiki,qwen3.5:2b,rag_laya,evidence_covered,35,0.276
2wiki,qwen3.5:2b,rag_laya,premature_stop,90,0.709
2wiki,qwen3.5:2b,rag_laya,other,0,0.000
2wiki,qwen3.5:0.8b,rag_llm,invalid_tool,78,0.436
2wiki,qwen3.5:0.8b,rag_llm,timeout,0,0.000
2wiki,qwen3.5:0.8b,rag_llm,error,0,0.000
2wiki,qwen3.5:0.8b,rag_llm,retrieval_miss,78,0.436
2wiki,qwen3.5:0.8b,rag_llm,evidence_covered,22,0.123
2wiki,qwen3.5:0.8b,rag_llm,premature_stop,1,0.006
2wiki,qwen3.5:0.8b,rag_llm,other,0,0.000
2wiki,qwen3.5:0.8b,rag_laya,invalid_tool,0,0.000
2wiki,qwen3.5:0.8b,rag_laya,timeout,0,0.000
2wiki,qwen3.5:0.8b,rag_laya,error,0,0.000
2wiki,qwen3.5:0.8b,rag_laya,retrieval_miss,10,0.062
2wiki,qwen3.5:0.8b,rag_laya,evidence_covered,65,0.404
2wiki,qwen3.5:0.8b,rag_laya,premature_stop,86,0.534
2wiki,qwen3.5:0.8b,rag_laya,other,0,0.000
musique,qwen3.5:27b,rag_llm,invalid_tool,1,0.008
musique,qwen3.5:27b,rag_llm,timeout,0,0.000
musique,qwen3.5:27b,rag_llm,error,0,0.000
musique,qwen3.5:27b,rag_llm,retrieval_miss,62,0.492
musique,qwen3.5:27b,rag_llm,evidence_covered,46,0.365
musique,qwen3.5:27b,rag_llm,premature_stop,17,0.135
musique,qwen3.5:27b,rag_llm,other,0,0.000
musique,qwen3.5:27b,rag_laya,invalid_tool,0,0.000
musique,qwen3.5:27b,rag_laya,timeout,0,0.000
musique,qwen3.5:27b,rag_laya,error,0,0.000
musique,qwen3.5:27b,rag_laya,retrieval_miss,9,0.066
musique,qwen3.5:27b,rag_laya,evidence_covered,30,0.219
musique,qwen3.5:27b,rag_laya,premature_stop,98,0.715
musique,qwen3.5:27b,rag_laya,other,0,0.000
musique,qwen3.5:9b,rag_llm,invalid_tool,1,0.007
musique,qwen3.5:9b,rag_llm,timeout,0,0.000
musique,qwen3.5:9b,rag_llm,error,0,0.000
musique,qwen3.5:9b,rag_llm,retrieval_miss,74,0.544
musique,qwen3.5:9b,rag_llm,evidence_covered,41,0.301
musique,qwen3.5:9b,rag_llm,premature_stop,20,0.147
musique,qwen3.5:9b,rag_llm,other,0,0.000
musique,qwen3.5:9b,rag_laya,invalid_tool,0,0.000
musique,qwen3.5:9b,rag_laya,timeout,0,0.000
musique,qwen3.5:9b,rag_laya,error,0,0.000
musique,qwen3.5:9b,rag_laya,retrieval_miss,15,0.101
musique,qwen3.5:9b,rag_laya,evidence_covered,29,0.195
musique,qwen3.5:9b,rag_laya,premature_stop,105,0.705
musique,qwen3.5:9b,rag_laya,other,0,0.000
musique,qwen3.5:4b,rag_llm,invalid_tool,0,0.000
musique,qwen3.5:4b,rag_llm,timeout,0,0.000
musique,qwen3.5:4b,rag_llm,error,0,0.000
musique,qwen3.5:4b,rag_llm,retrieval_miss,83,0.624
musique,qwen3.5:4b,rag_llm,evidence_covered,43,0.323
musique,qwen3.5:4b,rag_llm,premature_stop,7,0.053
musique,qwen3.5:4b,rag_llm,other,0,0.000
musique,qwen3.5:4b,rag_laya,invalid_tool,0,0.000
musique,qwen3.5:4b,rag_laya,timeout,0,0.000
musique,qwen3.5:4b,rag_laya,error,0,0.000
musique,qwen3.5:4b,rag_laya,retrieval_miss,14,0.090
musique,qwen3.5:4b,rag_laya,evidence_covered,30,0.192
musique,qwen3.5:4b,rag_laya,premature_stop,112,0.718
musique,qwen3.5:4b,rag_laya,other,0,0.000
musique,qwen3.5:2b,rag_llm,invalid_tool,0,0.000
musique,qwen3.5:2b,rag_llm,timeout,0,0.000
musique,qwen3.5:2b,rag_llm,error,0,0.000
musique,qwen3.5:2b,rag_llm,retrieval_miss,177,0.978
musique,qwen3.5:2b,rag_llm,evidence_covered,4,0.022
musique,qwen3.5:2b,rag_llm,premature_stop,0,0.000
musique,qwen3.5:2b,rag_llm,other,0,0.000
musique,qwen3.5:2b,rag_laya,invalid_tool,0,0.000
musique,qwen3.5:2b,rag_laya,timeout,0,0.000
musique,qwen3.5:2b,rag_laya,error,0,0.000
musique,qwen3.5:2b,rag_laya,retrieval_miss,61,0.353
musique,qwen3.5:2b,rag_laya,evidence_covered,16,0.092
musique,qwen3.5:2b,rag_laya,premature_stop,96,0.555
musique,qwen3.5:2b,rag_laya,other,0,0.000
musique,qwen3.5:0.8b,rag_llm,invalid_tool,75,0.389
musique,qwen3.5:0.8b,rag_llm,timeout,0,0.000
musique,qwen3.5:0.8b,rag_llm,error,0,0.000
musique,qwen3.5:0.8b,rag_llm,retrieval_miss,107,0.554
musique,qwen3.5:0.8b,rag_llm,evidence_covered,11,0.057
musique,qwen3.5:0.8b,rag_llm,premature_stop,0,0.000
musique,qwen3.5:0.8b,rag_llm,other,0,0.000
musique,qwen3.5:0.8b,rag_laya,invalid_tool,0,0.000
musique,qwen3.5:0.8b,rag_laya,timeout,0,0.000
musique,qwen3.5:0.8b,rag_laya,error,0,0.000
musique,qwen3.5:0.8b,rag_laya,retrieval_miss,62,0.344
musique,qwen3.5:0.8b,rag_laya,evidence_covered,17,0.094
musique,qwen3.5:0.8b,rag_laya,premature_stop,101,0.561
musique,qwen3.5:0.8b,rag_laya,other,0,0.000
all,qwen3.5:27b,rag_llm,invalid_tool,1,0.004
all,qwen3.5:27b,rag_llm,timeout,0,0.000
all,qwen3.5:27b,rag_llm,error,0,0.000
all,qwen3.5:27b,rag_llm,retrieval_miss,72,0.283
all,qwen3.5:27b,rag_llm,evidence_covered,147,0.579
all,qwen3.5:27b,rag_llm,premature_stop,34,0.134
all,qwen3.5:27b,rag_llm,other,0,0.000
all,qwen3.5:27b,rag_laya,invalid_tool,0,0.000
all,qwen3.5:27b,rag_laya,timeout,0,0.000
all,qwen3.5:27b,rag_laya,error,0,0.000
all,qwen3.5:27b,rag_laya,retrieval_miss,9,0.030
all,qwen3.5:27b,rag_laya,evidence_covered,100,0.330
all,qwen3.5:27b,rag_laya,premature_stop,194,0.640
all,qwen3.5:27b,rag_laya,other,0,0.000
all,qwen3.5:9b,rag_llm,invalid_tool,3,0.010
all,qwen3.5:9b,rag_llm,timeout,0,0.000
all,qwen3.5:9b,rag_llm,error,1,0.003
all,qwen3.5:9b,rag_llm,retrieval_miss,89,0.311
all,qwen3.5:9b,rag_llm,evidence_covered,137,0.479
all,qwen3.5:9b,rag_llm,premature_stop,56,0.196
all,qwen3.5:9b,rag_llm,other,0,0.000
all,qwen3.5:9b,rag_laya,invalid_tool,0,0.000
all,qwen3.5:9b,rag_laya,timeout,0,0.000
all,qwen3.5:9b,rag_laya,error,0,0.000
all,qwen3.5:9b,rag_laya,retrieval_miss,17,0.051
all,qwen3.5:9b,rag_laya,evidence_covered,107,0.319
all,qwen3.5:9b,rag_laya,premature_stop,211,0.630
all,qwen3.5:9b,rag_laya,other,0,0.000
all,qwen3.5:4b,rag_llm,invalid_tool,0,0.000
all,qwen3.5:4b,rag_llm,timeout,0,0.000
all,qwen3.5:4b,rag_llm,error,0,0.000
all,qwen3.5:4b,rag_llm,retrieval_miss,105,0.370
all,qwen3.5:4b,rag_llm,evidence_covered,166,0.585
all,qwen3.5:4b,rag_llm,premature_stop,13,0.046
all,qwen3.5:4b,rag_llm,other,0,0.000
all,qwen3.5:4b,rag_laya,invalid_tool,0,0.000
all,qwen3.5:4b,rag_laya,timeout,0,0.000
all,qwen3.5:4b,rag_laya,error,0,0.000
all,qwen3.5:4b,rag_laya,retrieval_miss,16,0.045
all,qwen3.5:4b,rag_laya,evidence_covered,108,0.305
all,qwen3.5:4b,rag_laya,premature_stop,230,0.650
all,qwen3.5:4b,rag_laya,other,0,0.000
all,qwen3.5:2b,rag_llm,invalid_tool,1,0.002
all,qwen3.5:2b,rag_llm,timeout,0,0.000
all,qwen3.5:2b,rag_llm,error,0,0.000
all,qwen3.5:2b,rag_llm,retrieval_miss,315,0.731
all,qwen3.5:2b,rag_llm,evidence_covered,115,0.267
all,qwen3.5:2b,rag_llm,premature_stop,0,0.000
all,qwen3.5:2b,rag_llm,other,0,0.000
all,qwen3.5:2b,rag_laya,invalid_tool,0,0.000
all,qwen3.5:2b,rag_laya,timeout,0,0.000
all,qwen3.5:2b,rag_laya,error,0,0.000
all,qwen3.5:2b,rag_laya,retrieval_miss,78,0.193
all,qwen3.5:2b,rag_laya,evidence_covered,112,0.277
all,qwen3.5:2b,rag_laya,premature_stop,215,0.531
all,qwen3.5:2b,rag_laya,other,0,0.000
all,qwen3.5:0.8b,rag_llm,invalid_tool,211,0.401
all,qwen3.5:0.8b,rag_llm,timeout,0,0.000
all,qwen3.5:0.8b,rag_llm,error,0,0.000
all,qwen3.5:0.8b,rag_llm,retrieval_miss,247,0.470
all,qwen3.5:0.8b,rag_llm,evidence_covered,67,0.127
all,qwen3.5:0.8b,rag_llm,premature_stop,1,0.002
all,qwen3.5:0.8b,rag_llm,other,0,0.000
all,qwen3.5:0.8b,rag_laya,invalid_tool,0,0.000
all,qwen3.5:0.8b,rag_laya,timeout,0,0.000
all,qwen3.5:0.8b,rag_laya,error,0,0.000
all,qwen3.5:0.8b,rag_laya,retrieval_miss,108,0.225
all,qwen3.5:0.8b,rag_laya,evidence_covered,154,0.321
all,qwen3.5:0.8b,rag_laya,premature_stop,218,0.454
all,qwen3.5:0.8b,rag_laya,other,0,0.000
